<?xml version="1.0" encoding="UTF-8"?>
<jcr:root xmlns:sling="http://sling.apache.org/jcr/sling/1.0" xmlns:cq="http://www.day.com/jcr/cq/1.0" xmlns:jcr="http://www.jcp.org/jcr/1.0" xmlns:nt="http://www.jcp.org/jcr/nt/1.0"
    jcr:primaryType="nt:unstructured"
    jcr:title="TTAC"
    sling:resourceType="cq/gui/components/authoring/dialog">
    <content
        jcr:primaryType="nt:unstructured"
        sling:resourceType="granite/ui/components/coral/foundation/container">
        <items jcr:primaryType="nt:unstructured">
            <container
                jcr:primaryType="nt:unstructured"
                jcr:title="TTAC Dialog"
                sling:resourceType="granite/ui/components/coral/foundation/container"
                margin="{Boolean}true">
                <items jcr:primaryType="nt:unstructured">
                    <columns
                        jcr:primaryType="nt:unstructured"
                        sling:resourceType="granite/ui/components/coral/foundation/fixedcolumns"
                        margin="{Boolean}true">
                        <items jcr:primaryType="nt:unstructured">
                            <column
                                jcr:primaryType="nt:unstructured"
                                sling:resourceType="granite/ui/components/coral/foundation/container">
                                <items jcr:primaryType="nt:unstructured">
                                    <ctaText
                                        jcr:primaryType="nt:unstructured"
                                        sling:resourceType="granite/ui/components/coral/foundation/form/textfield"
                                        fieldDescription="Text that will appear for this link"
                                        fieldLabel="CTA Text"
                                        forceSelection="{Boolean}true"
                                        name="./ctaText"
                                        required="{Boolean}true"/>
                                    <ctaHref
                                        jcr:primaryType="nt:unstructured"
                                        sling:resourceType="granite/ui/components/coral/foundation/form/textfield"
                                        fieldDescription="Navigation destination"
                                        fieldLabel="CTA Href"
                                        forceSelection="{Boolean}true"
                                        name="./ctaHref"
                                        required="{Boolean}true"/>
                                    <text
                                        jcr:primaryType="nt:unstructured"
                                        sling:resourceType="granite/ui/components/coral/foundation/form/textfield"
                                        fieldDescription="Text"
                                        fieldLabel="Text"
                                        forceSelection="{Boolean}true"
                                        name="./text"
                                        required="{Boolean}true"/>
                                    <title
                                        jcr:primaryType="nt:unstructured"
                                        sling:resourceType="granite/ui/components/coral/foundation/form/textfield"
                                        fieldDescription="Title"
                                        fieldLabel="Title"
                                        forceSelection="{Boolean}true"
                                        name="./title"
                                        required="{Boolean}true"/>
                                    <image
                                        jcr:primaryType="nt:unstructured"
                                        sling:resourceType="cq/gui/components/authoring/dialog/fileupload"
                                        allowUpload="{Boolean}false"
                                        autoStart="{Boolean}false"
                                        class="cq-droptarget"
                                        fieldLabel="Image"
                                        fileNameParameter="./fileName"
                                        fileReferenceParameter="./image"
                                        mimeTypes="[image/gif,image/jpeg,image/png,image/tiff,image/svg+xml]"
                                        multiple="{Boolean}false"
                                        name="./file"
                                        title="The Image for the TTAC"
                                        uploadUrl="${suffix.path}"
                                        useHTML5="{Boolean}true"/>
                                </items>
                            </column>
                        </items>
                    </columns>
                </items>
            </container>
        </items>
    </content>
</jcr:root>
